key,value
profile_server_map,b'bplist00\xd0\x08\x00\x00\x00\x00\x00\x00\x01\x01\x00\x00\x00\x00\x00\x00\x00\x01\x00\x00\x00\x00\x00\x00\x00\x00\x00\x00\x00\x00\x00\x00\x00\t'
sync_with_manatee_container,0
push_notifications_initialized,1
cached_sync_circle_size,5
sync_circle_size_retrieval_throttler_data,b'bplist00\xa1\x013A\xc5\xdd|\xe2\xc1\xda{\x08\n\x00\x00\x00\x00\x00\x00\x01\x01\x00\x00\x00\x00\x00\x00\x00\x02\x00\x00\x00\x00\x00\x00\x00\x00\x00\x00\x00\x00\x00\x00\x00\x13'
fetch_throttler_data,"b'bplist00\xaf\x10M\x01\x02\x03\x04\x05\x06\x07\x08\t\n\x0b\x0c\r\x0e\x0f\x10\x11\x12\x13\x14\x15\x16\x17\x18\x19\x1a\x1b\x1c\x1d\x1e\x1f !""#$%&\'()*+,-./0123456789:;<=>?@ABCDEFGHIJKLM3A\xc5\xdd|\xee\xb7\xc7\xd63A\xc5\xdd|\xee\xb7\xc5\xf83A\xc5\xdd|\xee\xb7\xc4""3A\xc5\xdd|\xee\xb7\xc2L3A\xc5\xdd|\xee\xb7\xc0\x7f3A\xc5\xdd|\xee\xb7\xbe\xba3A\xc5\xdd|\xee\xb7\xbc\xed3A\xc5\xdd|\xee\xb7\xbb(3A\xc5\xdd|\xee\xb7\xb9c3A\xc5\xdd|\xee\xb7\xb7\xae3A\xc5\xdd|\xee\xb7\xb6\x033A\xc5\xdd|\xee\xb7\xb4\x143A\xc5\xdd|\xee\xb7\xb1\xc03A\xc5\xdd|\xee\xb7\xafd3A\xc5\xdd|\xee\xb7\xad\x083A\xc5\xdd|\xee\xb7\xaa\xbd3A\xc5\xdd|\xee\xb7\xa8\x823A\xc5\xdd|\xee\xb7\xa6P3A\xc5\xdd|\xee\xb7\xa4\'3A\xc5\xdd|\xee\xb7\xa1\xfd3A\xc5\xdd|\xee\xb7\x9f\xdc3A\xc5\xdd|\xee\xb7\x9d\xc33A\xc5\xdd|\xee\xb7\x9b\xaa3A\xc5\xdd|\xee\xb7\x99\x913A\xc5\xdd|\xee\xb7\x97\x893A\xc5\xdd|\xee\xb7\x95\x813A\xc5\xdd|\xee\xb7\x93\x8a3A\xc5\xdd|\xee\xb7\x91\x923A\xc5\xdd|\xee\xb7\x8f\x933A\xc5\xdd|\xee\xb7\x8d\xac3A\xc5\xdd|\xee\xb7\x8b\xce3A\xc5\xdd|\xee\xb7\x89\xf03A\xc5\xdd|\xee\xb7\x88\x1a3A\xc5\xdd|\xee\xb7\x86D3A\xc5\xdd|\xee\xb7\x83\xf13A\xc5\xdd|\xee\xb7\x82,3A\xc5\xdd|\xee\xb7\x80o3A\xc5\xdd|\xee\xb7~\xa23A\xc5\xdd|\xee\xb7|\xc43A\xc5\xdd|\xee\xb7{ 3A\xc5\xdd|\xee\xb7yd3A\xc5\xdd|\xee\xb7w\xc03A\xc5\xdd|\xee\xb7v\x0c3A\xc5\xdd|\xee\xb7t\x823A\xc5\xdd|\xee\xb7r\xf73A\xc5\xdd|\xee\xb7qm3A\xc5\xdd|\xee\xb7o\xf43A\xc5\xdd|\xee\xb7n\x053A\xc5\xdd|\xee\xb7l\x8b3A\xc5\xdd|\xee\xb7j\x833A\xc5\xdd|\xee\xb7i\x123A\xc5\xdd|\xee\xb7g\xa13A\xc5\xdd|\xee\xb7f\x1f3A\xc5\xdd|\xee\xb7d\xae3A\xc5\xdd|\xee\xb7cg3A\xc5\xdd|\xee\xb7b(3A\xc5\xdd|\xee\xb7`\xe13A\xc5\xdd|\xee\xb7_\x813A\xc5\xdd|\xee\xb7]h3A\xc5\xdd|\xee\xb7\\B3A\xc5\xdd|\xee\xb7[%3A\xc5\xdd|\xee\xb7Z\x103A\xc5\xdd|\xee\xb7X\xfb3A\xc5\xdd|\xee\xb7W\xde3A\xc5\xdd|\xee\xb7V\xda3A\xc5\xdd|\xee\xb7U\xce3A\xc5\xdd|\xee\xb7T\xb93A\xc5\xdd|\xee\xb7S\xc53A\xc5\xdd|\xee\xb7R\xd23A\xc5\xdd|\xee\xb7Q\xe73A\xc5\xdd|\xee\xb7P\xec3A\xc5\xdd|\xee\xb7P\t3A\xc5\xdd|\xee\xb7O\x053A\xc5\xdd|\xee\xb7K\x8c3A\xc5\xddt\x135\xde\x943A\xc5\xdds{J\x82Q3A\xc5\xddl|(\xa8*\x00\x08\x00X\x00a\x00j\x00s\x00|\x00\x85\x00\x8e\x00\x97\x00\xa0\x00\xa9\x00\xb2\x00\xbb\x00\xc4\x00\xcd\x00\xd6\x00\xdf\x00\xe8\x00\xf1\x00\xfa\x01\x03\x01\x0c\x01\x15\x01\x1e\x01\'\x010\x019\x01B\x01K\x01T\x01]\x01f\x01o\x01x\x01\x81\x01\x8a\x01\x93\x01\x9c\x01\xa5\x01\xae\x01\xb7\x01\xc0\x01\xc9\x01\xd2\x01\xdb\x01\xe4\x01\xed\x01\xf6\x01\xff\x02\x08\x02\x11\x02\x1a\x02#\x02,\x025\x02>\x02G\x02P\x02Y\x02b\x02k\x02t\x02}\x02\x86\x02\x8f\x02\x98\x02\xa1\x02\xaa\x02\xb3\x02\xbc\x02\xc5\x02\xce\x02\xd7\x02\xe0\x02\xe9\x02\xf2\x02\xfb\x03\x04\x00\x00\x00\x00\x00\x00\x02\x01\x00\x00\x00\x00\x00\x00\x00N\x00\x00\x00\x00\x00\x00\x00\x00\x00\x00\x00\x00\x00\x00\x03\r'"
server_change_token,"b'bplist00\xd4\x01\x02\x03\x04\x05\x06\x07\nX$versionY$archiverT$topX$objects\x12\x00\x01\x86\xa0_\x10\x0fNSKeyedArchiver\xd1\x08\tTroot\x80\x01\xa4\x0b\x0c\x11\x12U$null\xd2\r\x0e\x0f\x10V$class_\x10\x0fChangeTokenData\x80\x03\x80\x02O\x10!\x1f\n\x04\x08\xc1\xac\x01\x18\x00""\x14\x08\xd3\x89\xc1\x89\xf4\xff\x9aB\x10\x8e\x8e\xca\xb1\xa4\xd1\xd6\xdd\x8c\x01(\x00\xd2\x13\x14\x15\x16Z$classnameX$classes_\x10\x13CKServerChangeToken\xa2\x15\x17XNSObject\x08\x11\x1a$)27ILQSX^cj|~\x80\xa4\xa9\xb4\xbd\xd3\xd6\x00\x00\x00\x00\x00\x00\x01\x01\x00\x00\x00\x00\x00\x00\x00\x18\x00\x00\x00\x00\x00\x00\x00\x00\x00\x00\x00\x00\x00\x00\x00\xdf'"
current_generation,9920
push_throttler_data,b'bplist00\xab\x01\x02\x03\x04\x05\x06\x07\x08\t\n\x0b3A\xc5\xdd\x8bX\xfd\x7f\xbf3A\xc5\xdd\x89Dg[\xb43A\xc5\xdd\x88\xbb\\7\xa43A\xc5\xdd\x84\x1b\xed923A\xc5\xdd\x82\x89\x99\xec\xc43A\xc5\xdd\x80\x8a\x92\xc5\xeb3A\xc5\xdd\x7f\xca\xc1\xe1\xc13A\xc5\xdd\x7f$\x12h\xcb3A\xc5\xdd~N\xbdKI3A\xc5\xdd}\xed<`\xcc3A\xc5\xdd}\x11AL4\x08\x14\x1d&/8AJS\\en\x00\x00\x00\x00\x00\x00\x01\x01\x00\x00\x00\x00\x00\x00\x00\x0c\x00\x00\x00\x00\x00\x00\x00\x00\x00\x00\x00\x00\x00\x00\x00w'
last_synced_generation,9919
last_maintenance_date,737911035.894902
